sector,jovenes_insertados_estimados,vacantes_spe_2023,pct_jovenes_insertados,pct_vacantes_spe,diferencia_pp
Comercio,503394.8,323941,19.3,16.1,3.2
Alojamiento y comida,319255.7,66902,12.2,3.3,8.9
Industria manufacturera,296531.4,251518,11.3,12.5,-1.1
Agropecuario,265381.8,22913,10.1,1.1,9.0
Transporte y logística,184490.6,108440,7.1,5.4,1.7
Construcción,174636.9,113600,6.7,5.6,1.0
Servicios administrativos y de apoyo,136813.7,228120,5.2,11.3,-6.1
Salud,121353.5,158371,4.6,7.8,-3.2
Otros servicios,106322.6,113939,4.1,5.6,-1.6
Educación,80662.3,71595,3.1,3.5,-0.5
Actividades profesionales,73682.6,196785,2.8,9.8,-6.9
Administración pública,65031.7,48210,2.5,2.4,0.1
Hogares como empleadores,61956.0,128,2.4,0.0,2.4
Información y comunicaciones (TIC),51550.1,145497,2.0,7.2,-5.2
Minería,42842.4,34860,1.6,1.7,-0.1
Servicios financieros,42510.4,64514,1.6,3.2,-1.6
Arte y entretenimiento,35122.2,24296,1.3,1.2,0.1
Inmobiliarias,28727.4,28944,1.1,1.4,-0.3
Servicios públicos,23956.8,14708,0.9,0.7,0.2
Organismos extraterritoriales,643.5,207,0.0,0.0,0.0
