ciudad,codigo_departamento,jovenes_fuerza_trabajo_estimados,tasa_empleo_sin_exp_%,codigo_municipio,municipio_spe,vacantes_capital_2023,vacantes_por_1000_jovenes
Bogotá,11,1016301.0,93.8,11001,"BOGOTÁ, D.C.",904252,889.7
San Andrés,88,3853.0,89.0,88001,SAN ANDRÉS,3350,869.4
Leticia,91,2783.6,76.4,91001,LETICIA,1824,655.3
Tunja,15,17935.2,90.2,15001,TUNJA,11594,646.4
Pereira A.M.,66,77693.9,94.7,66001,PEREIRA,48440,623.5
Yopal,85,22378.5,95.6,85001,YOPAL,12176,544.1
Neiva,41,32637.5,87.0,41001,NEIVA,16886,517.4
Medellín A.M.,5,546211.3,94.9,5001,MEDELLÍN,268838,492.2
Cali A.M.,76,272600.7,92.1,76001,CALI,128850,472.7
Villavicencio,50,65064.9,96.1,50001,VILLAVICENCIO,28443,437.1
Armenia,63,32336.3,95.7,63001,ARMENIA,13268,410.3
Manizales A.M.,17,57400.0,94.4,17001,MANIZALES,23443,408.4
Bucaramanga A.M.,68,147219.4,93.1,68001,BUCARAMANGA,59799,406.2
Ibagué,73,55352.9,86.5,73001,IBAGUÉ,21078,380.8
Cartagena,13,97415.7,81.1,13001,CARTAGENA DE INDIAS,34681,356.0
Arauca,81,10569.1,80.8,81001,ARAUCA,3305,312.7
Mocoa,86,4394.2,87.1,86001,MOCOA,1246,283.6
Barranquilla A.M.,8,223219.9,85.5,8001,BARRANQUILLA,63210,283.2
Popayán,19,25588.3,90.6,19001,POPAYÁN,7164,280.0
Santa Marta,47,47298.8,84.0,47001,SANTA MARTA,13227,279.6
Puerto Carreño,99,2230.7,93.2,99001,PUERTO CARREÑO,551,247.0
Pasto,52,33823.2,93.0,52001,PASTO,7951,235.1
Riohacha,44,15179.6,82.4,44001,RIOHACHA,3247,213.9
Inírida,94,1787.4,72.1,94001,INÍRIDA,377,210.9
Cúcuta A.M.,54,110361.9,89.8,54001,SAN JOSÉ DE CÚCUTA,21141,191.6
Valledupar,20,45401.8,88.1,20001,VALLEDUPAR,8056,177.4
Florencia,18,18943.9,91.9,18001,FLORENCIA,3208,169.3
Montería,23,39956.6,83.7,23001,MONTERÍA,6328,158.4
Mitú,97,1320.1,97.4,97001,MITÚ,198,150.0
Sincelejo,70,25536.1,80.8,70001,SINCELEJO,3743,146.6
Quibdó,27,9488.9,73.9,27001,QUIBDÓ,1225,129.1
San José del Guaviare,95,7265.6,95.2,95001,SAN JOSÉ DEL GUAVIARE,874,120.3
