codigo_departamento,departamento,jovenes_sin_exp_muestra,tasa_empleo_sin_exp_%,tasa_empleo_formal_%,vacantes_total_2023,vacantes_sin_experiencia_2023,vacantes_1_6_meses_2023,pct_vacantes_sin_experiencia,pct_vacantes_hasta_6_meses,pct_vacantes_bachillerato,pct_vacantes_tecnico_tecnologo,pct_vacantes_universitario
86,Putumayo,224.0,87.1,39.3,6135,2717,269,44.3,48.7,11.0,18.8,10.3
88,San Andrés,371.0,89.0,79.1,3512,1133,207,32.3,38.2,21.3,21.2,5.5
85,Casanare,360.0,95.6,39.4,27636,8828,919,31.9,35.3,13.4,17.7,8.8
81,Arauca,237.0,80.8,32.6,6048,1878,365,31.1,37.1,9.6,16.3,12.6
50,Meta,2206.0,95.4,37.0,61139,14704,2259,24.1,27.7,17.9,22.6,16.3
20,Cesar,1187.0,91.0,20.6,15561,3036,999,19.5,25.9,19.9,24.4,17.4
23,Córdoba,1329.0,86.4,9.7,10969,2023,473,18.4,22.8,21.1,27.7,18.3
66,Risaralda,2105.0,94.3,48.9,54832,9942,2191,18.1,22.1,39.7,26.7,12.8
15,Boyacá,1505.0,92.3,34.3,28544,4951,2403,17.3,25.8,21.4,23.4,18.5
70,Sucre,1297.0,83.6,10.8,6084,1002,382,16.5,22.7,19.8,23.0,15.8
18,Caquetá,1411.0,91.8,17.6,4095,666,464,16.3,27.6,27.6,22.2,12.4
17,Caldas,2158.0,95.1,45.6,28047,4473,1174,15.9,20.1,37.5,26.3,15.6
68,Santander,2098.0,91.3,40.4,99732,15028,3128,15.1,18.2,27.5,27.8,17.8
27,Chocó,940.0,80.0,17.8,1605,236,125,14.7,22.5,20.8,26.3,27.7
41,Huila,1184.0,83.6,29.4,23457,3374,1781,14.4,22.0,26.9,24.9,18.4
44,La Guajira,1224.0,84.6,25.2,6099,873,298,14.3,19.2,23.5,30.4,18.4
11,Bogotá D.C.,1856.0,93.8,57.5,904252,126347,20227,14.0,16.2,32.1,28.7,22.8
5,Antioquia,2904.0,94.9,50.6,373628,52089,13977,13.9,17.7,31.1,29.8,19.7
54,Norte de Santander,1579.0,91.3,29.9,25914,3416,1557,13.2,19.2,20.0,23.6,23.5
19,Cauca,1400.0,88.2,16.3,11423,1497,895,13.1,20.9,25.5,30.9,20.7
47,Magdalena,1535.0,86.9,18.7,16058,2045,519,12.7,16.0,20.5,27.1,29.5
76,Valle del Cauca,2206.0,94.1,42.4,175361,22153,6390,12.6,16.3,29.7,33.2,19.3
95,Guaviare,432.0,95.2,28.9,933,118,129,12.6,26.5,20.4,21.3,16.7
52,Nariño,1949.0,95.3,14.6,12332,1515,928,12.3,19.8,23.3,23.0,19.0
8,Atlántico,1747.0,86.8,36.3,73897,9037,1513,12.2,14.3,21.8,31.5,31.2
73,Tolima,1334.0,90.2,27.5,29786,3567,2381,12.0,20.0,23.1,27.0,20.9
25,Cundinamarca,1012.0,93.5,56.4,151193,17305,6017,11.4,15.4,35.5,26.4,14.4
99,Vichada,221.0,93.2,35.8,634,70,78,11.0,23.3,9.0,30.7,35.3
63,Quindío,1670.0,95.2,40.5,15396,1602,672,10.4,14.8,36.9,29.0,15.5
91,Amazonas,37.0,76.4,45.1,1885,189,274,10.0,24.6,10.0,22.6,41.5
13,Bolívar,1598.0,80.6,25.5,38216,3458,1056,9.0,11.8,17.9,32.3,32.5
97,Vaupés,388.0,97.4,47.7,213,15,31,7.0,21.6,14.6,42.3,30.0
94,Guainía,81.0,72.1,18.8,412,20,75,4.9,23.1,7.0,23.1,21.8
